{"ACC": [62.142857142857146, 59.70779220779221, 61.006493506493506, 58.86363636363636, 61.396103896103895], "NMI": [79.9375430906277, 78.92814984183566, 79.54073383030097, 79.38775571017787, 78.92110185589833], "ARI": [51.697257340805315, 49.01863613674681, 50.95942049726233, 49.85719344565983, 50.54112706456307], "ACC_mean": 60.62337662337662, "ACC_std": 1.182174914049381, "NMI_mean": 79.3430568657681, "NMI_std": 0.3859227667316314, "ARI_mean": 50.41472689700747, "ARI_std": 0.9184187955439269}